AUTO_AUDIT,STATUS_DECOMP,MANUALAUDIT,MANUALSTATUS,FASTQFILENAME,RUNNUMBER,LIBRARYDATE,GENOTYPE1,STRAIN,PROTEIN_CODING_TOTAL,NOT_ALIGNED_TOTAL_PERCENT,INTERQUARTILE_RANGE,ABS_SAMPLE_DEVIATION_MEDIAN,GENOTYPE1_COVERAGE,NAT_COVERAGE,NAT_LOG2CPM,G418_COVERAGE,G418_LOG2CPM
1,"[6.0, 4.0, 3.0]",1,"[32,128]",Brent_3275_17-9_GTAC_9_NEB_Universal_CCGATTA_AGATCTCG_S10_R1_001.fastq.gz,3275,08.14.18,CNAG_02700,TDY2274,12168863,0.03814555996929227,NA,NA,0,0.8168316831683168,4.346436529048306,0.7823899371069183,8.79287973463719
1,"[6.0, 4.0, 3.0]",1,"[32,128]",Brent_3275_18-2_GTAC_2_SIC_Index2_010_GCTTAGA_GCTTCTAG_S12_R1_001.fastq.gz,3275,10.18.18,CNAG_02700,TDY2274,9964230,0.032949723859368105,NA,NA,0.03198976327575176,0.8003300330033003,4.032812861169795,0.7911949685534592,8.958693933286591
1,"[6.0, 4.0, 3.0]",1,"[32,128]",Brent_3275_19-11_GTAC_66_SIC_Index2_09_GACACAG_TGTGAG_S30_R1_001.fastq.gz,3275,10.23.18,CNAG_02700,TDY2274,9358705,0.04587171926080123,NA,NA,0.07933461292386436,0.8135313531353136,4.4877768265471065,0.8113207547169812,8.27409006307804
1,"[6.0, 3.0]",1,[128],Brent_3275_20-12_GTAC_12_SIC_Index2_07_TAACAAG_GAGTTGAG_S42_R1_001.fastq.gz,3275,11.02.18,CNAG_02700,TDY2274,10103132,0.011076250904389993,NA,NA,0.11409682235018127,0.46204620462046203,0.013986570964556437,0.8188679245283019,9.248355049118423
1,"[5.0, 4.0, 1.0, 0.0]",noOtherConditions,noOtherConditions,Brent_Exp28-28_GTAC_28_SIC_Index2_06_TACATGG_GACCTTGT_S9_R1_001.fastq.gz,4632,10.05.20,CNAG_02700,TDY2274,346862,0.34360037457025344,NA,NA,0.053742802303262956,0.5363036303630363,4.718164193134048,0.09433962264150944,1.703052612415454
1,"[5.0, 4.0, 2.0]",noOtherConditions,noOtherConditions,Brent_Exp29-24_GTAC_24_SIC_Index2_08_GGAGTCC_AAGCACGT_S18_R1_001.fastq.gz,4632,10.07.20,CNAG_02700,TDY2274,1451930,0.02949888744528754,NA,NA,0.5649392194497761,0.5858085808580858,3.4200665755383945,0,-1.423900887350641
1,"[3.0, 2.0]",1,[12],Brent_16_GTAC_16_CGGTGGCATC_S17_R1_001.fastq.gz,2651,01.26.18,CNAG_02700,TDY2199,8098521,0.014056542379883094,NA,NA,0.9018980592876946,0.8745874587458746,1.0806161366260891,0,-1.9283136736751685
1,"[3.0, 2.0]",1,[12],Brent_38_GTAC_38_ACCCACTATC_S39_R1_001.fastq.gz,2651,01.26.18,CNAG_02700,TDY2199,7565384,0.018089672758438202,NA,NA,0.872040946896993,0,-1.9283136736751685,0,-1.9283136736751685
1,[2.0],noOtherConditions,noOtherConditions,Brent_Exp27_24_GTAC_66_SIC_Index2_06_GACACAGATC_GACCTTGT_S48_R1_001.fastq.gz,4588,09.10.20,CNAG_02700,TDY2274,8511474,0.010880676908636078,NA,NA,0.3314139475367882,0,-1.8412882502219363,0.7987421383647799,8.136843184252095
1,"[6.0, 4.0, 3.0, 1.0]",1,"[32,128]",3357-Brent_crypto22-19_GTAC_25_SIC_Index_07_CGTCGCT_GAGTTGGT_S47_R1_001.fastq.gz,3357,12.10.18,CNAG_02700,TDY2274,24667420,0.1083449252352714,NA,NA,0,0.6881188118811881,3.9605435509712117,0.8,7.779785885698536
1,"[3.0, 2.0]",1,[12],Brent_2641_16_GTAC_16_CGGTGGC_S17_R1_001.fastq.gz,2641,01.16.18,CNAG_02700,TDY2199,7548167,0.01482817392964306,NA,NA,0.9072296865003199,0.7904290429042904,1.2189434499728489,0,-2.2651842017924424
1,"[3.0, 2.0]",1,[12],Brent_2641_38_GTAC_38_ACCCACT_S39_R1_001.fastq.gz,2641,01.16.18,CNAG_02700,TDY2199,9071529,0.01057734514418802,NA,NA,0.9078694817658349,0,-2.2651842017924424,0,-2.2651842017924424
